window,matured,채널,매체,광고비,광고비vat제외,예상결제,공헌이익,신청환급금,조회환급금,신청건수,조회건수,노출,클릭,ROAS_expected,CPL_krw,CPC_krw,CTR_pct,신청전환율_pct
12M_cohort,True,02.partner,toss.join,3180543245,2891402950,5497629398,2317086153,97996675195,202024745324,37604,477498,0,0,1.729,84580,,,
12M_cohort,True,00.paid_display,google_pmax,601890712,494637454,547011497,-54879215,8422486507,17791356946,3168,33609,87144207,1040279,0.909,189991,579,1.194,0.305
12M_cohort,True,00.paid_display,meta,517967074,424792478,417888688,-100078386,6431184249,12838565718,2239,21376,37202058,220621,0.807,231339,2348,0.593,1.015
12M_cohort,True,00.paid_display,kakaobank,353650000,321499971,864257539,510607539,13296269835,27052318271,6048,68274,140945392,552766333,2.444,58474,1,392.185,0.001
12M_cohort,True,01.paid_msg,kbcardlms,286000000,260000000,872161381,586161381,13416309261,32674816387,4110,35371,2600000,0,3.05,69586,,0.0,
12M_cohort,True,01.paid_msg,hanacardlms,275000000,250000000,586499220,311499221,9022471845,21093445018,3110,27563,2530000,0,2.133,88424,,0.0,
12M_cohort,True,00.paid_display,cashnote,259338020,235761841,376743848,117405829,5790110349,11621228137,2048,18042,21141793,188051,1.453,126630,1379,0.889,1.089
12M_cohort,True,00.paid_display,tiktok,246774028,201499499,163861904,-82912124,2520952374,4191874463,1324,9427,38289152,592718,0.664,186385,416,1.548,0.223
12M_cohort,True,02.partner,banksalad,214843200,195312000,430756694,215913495,6627026071,14199874595,1109,24414,0,0,2.005,193727,,,
12M_cohort,True,00.paid_display,okpos,202999900,184545376,396934355,193934456,6108132992,14130756311,1764,14235,109904096,383961,1.955,115079,529,0.349,0.459
12M_cohort,True,01.paid_msg,wooricardlms,165000000,150000000,293218774,128218774,4511058062,11790478582,1677,14256,1402000,0,1.777,98390,,0.0,
12M_cohort,True,02.partner,zeropay,158925000,144477278,286514229,127589229,4407911224,11228650129,1828,17304,0,0,1.803,86939,,,
12M_cohort,True,01.paid_msg,shinhancardlms,154000000,140000000,412267445,258267445,6342747641,13323703927,2971,18654,1300000,0,2.677,51834,,0.0,
12M_cohort,True,00.paid_display,google_demandgen,146130367,120765848,127787811,-18342555,1965966334,3406649568,601,6174,31959915,125279,0.874,243145,1166,0.392,0.48
12M_cohort,True,03.crm,alrimtalk.toss.join,133180413,121073103,221967356,88786943,3956637368,320933125,1412,117,0,0,1.667,94320,,,
12M_cohort,True,02.partner,kbank,131999999,119032265,296430495,164430496,4560469167,8164966692,1525,13297,0,0,2.246,86557,,,
12M_cohort,True,03.crm,alrimtalk,123905941,101411608,4195353060,4071447118,64536147660,87412639819,23922,159519,17582777,0,33.859,5180,,0.0,
12M_cohort,True,01.paid_search,sa_naver,76260426,69327660,122579886,46319461,1888943972,4781462071,461,3282,25110789,55376,1.607,165424,1377,0.221,0.832
12M_cohort,True,02.partner,locaselly,71640600,65127818,45011589,-26629011,692485994,1228573881,188,2214,0,0,0.628,381067,,,
12M_cohort,True,01.paid_msg,cashnote,64302612,58456920,176288893,111986282,2711613462,4365121875,449,2240,502141,13994,2.742,143213,4595,2.787,3.209
12M_cohort,True,01.paid_msg,okpos,62700000,57000000,62744754,44754,965303914,1915655867,448,2522,427325,11946,1.001,139955,5249,2.796,3.75
12M_cohort,True,12.ownedmedia,meta,37605585,30913438,0,-37605585,0,0,0,2,4906820,67448,0.0,,558,1.375,0.0
12M_cohort,True,01.paid_msg,kakaopay,33000000,30000000,37911480,4911480,583253545,1160128036,231,1460,258360,8577,1.149,142857,3847,3.32,2.693
12M_cohort,True,01.paid_search,sa_google,31049189,25673364,36399081,5349891,559985864,1342349245,200,1163,702000,19651,1.172,155246,1580,2.799,1.018
12M_cohort,True,00.paid_display,youtuber_junseconomylab,30800000,27999999,15349897,-15450102,295190343,632914598,63,297,0,0,0.498,488889,,,
12M_cohort,True,00.paid_display,youtuber_danheetv,22176000,20160000,4282762,-17893237,65888661,207545513,23,204,0,0,0.193,964174,,,
12M_cohort,True,01.paid_search,bs_naver,21886333,19896774,428857523,406971190,6596452749,14243148142,1540,8282,113513,28396,19.595,14212,771,25.016,5.423
12M_cohort,True,02.partner,yogiyo,17152300,15553000,84651738,67499439,1302334441,2401450609,603,3313,0,0,4.935,28445,,,
12M_cohort,True,01.paid_msg,ktlms,16500000,15000000,43649590,27149591,671370425,1103508694,227,1346,165500,8535,2.645,72687,1933,5.157,2.66
12M_cohort,True,01.paid_msg,smartbill,16500000,15000000,25126259,8626259,386557832,1071798753,81,516,2423870,117195,1.523,203704,141,4.835,0.069
12M_cohort,True,01.paid_cpa,refund_pincrux,12147036,9954000,57940716,45793680,891395636,2318355126,351,5953,0,351209,4.77,34607,35,,0.1
12M_cohort,True,02.partner,naver_smartplace,11380870,9634215,62306335,50925465,958559008,1820742949,227,2083,0,0,5.475,50136,,,
12M_cohort,True,00.paid_display,ymyd,8800000,7999999,123500,-8676500,1900000,34296813,1,16,31961,2056,0.014,8800000,4280,6.433,0.049
12M_cohort,True,01.paid_msg,atlantruck,8299984,7545440,9977511,1677527,153500172,220374913,207,1110,0,8950,1.202,40097,927,,2.313
12M_cohort,True,00.paid_display,kakaopay,6936160,6305600,7190741,254581,110626791,160616401,37,214,6128745,15764,1.037,187464,440,0.257,0.235
12M_cohort,True,02.partner,finda,6923400,6294000,15744862,8821463,242228656,412437390,75,1031,0,0,2.274,92312,,,
12M_cohort,True,02.partner,zaritalk,6567000,0,5244952,-1322047,80691579,109339971,187,1990,0,0,0.799,35118,,,
12M_cohort,True,01.paid_msg,kakaobrandmsg,6528665,5935150,44878101,38349436,674363236,1460791018,384,2054,257356,18916,6.874,17002,345,7.35,2.03
12M_cohort,True,01.paid_msg,ymyd,6147240,5588400,3029705,-3117535,46610853,131618061,4,29,11678,373,0.493,1536810,16481,3.194,1.072
12M_cohort,True,02.partner,barogo,4950000,4500000,6042741,1092741,92965251,197738141,65,444,0,0,1.221,76154,,,
12M_cohort,True,00.paid_display,payhere,4400000,4000006,238543,-4161457,3669899,3821714,5,47,12184135,12579,0.054,880000,350,0.103,0.04
12M_cohort,True,00.paid_display,buzzvil,4205759,3823417,141624,-4064135,2178835,3615915,4,32,868957,816569,0.034,1051440,5,93.971,0.0
12M_cohort,True,00.paid_display,samsungcard,3948230,3589300,10153792,6205563,156212197,408844150,39,585,0,27549,2.572,101237,143,,0.142
12M_cohort,True,00.paid_display,navergfa,3766082,3423710,248669,-3517413,3825680,13581216,3,54,3677373,4146,0.066,1255361,908,0.113,0.072
12M_cohort,True,00.paid_display,naverpay,3696000,3360000,2583297,-1112702,39743043,104805670,21,359,2899173,108164,0.699,176000,34,3.731,0.019
12M_cohort,True,00.paid_display,meta_junseconomylab,3375978,2740242,1053845,-2322133,20266256,37816740,10,37,322060,820,0.312,337598,4117,0.255,1.22
12M_cohort,True,01.paid_msg,baeminmartlms,3300000,3000000,12638938,9338938,188168476,367179269,110,541,30000,0,3.83,30000,,0.0,
12M_cohort,True,00.paid_display,remember,3300000,3000000,1380856,-1919143,21243950,1134360,1,10,70252,821,0.418,3300000,4019,1.169,0.122
12M_cohort,True,00.paid_display,cafe24,2912000,2363634,85895,-2826104,1321471,93869957,2,28,725592,631,0.029,1456000,4615,0.087,0.317
12M_cohort,True,00.paid_display,moneyquiz,2640000,2400000,2862073,222074,44031904,44256000,3,38,0,135825,1.084,880000,19,,0.002
12M_cohort,True,00.paid_display,lpoint,2541576,2310524,0,-2541576,0,0,0,4,620795,54043,0.0,,47,8.705,0.0
12M_cohort,True,03.crm,friendtalk,2494602,2267820,1722761,-771840,26504030,94843897,8,120,113391,1512,0.691,311825,1650,1.333,0.529
12M_cohort,True,00.paid_display,atlantruck,2464000,1999998,244139,-2219860,3755994,6693524,9,56,0,1195,0.099,273778,2062,,0.753
12M_cohort,True,02.partner,kbcard,2254400,2027000,7211797,4957398,110950736,415025367,38,520,0,0,3.199,59326,,,
12M_cohort,True,00.paid_display,adn,2201738,2001580,0,-2201738,0,0,0,0,7277905,28594,0.0,,77,0.393,0.0
12M_cohort,True,01.paid_msg,overtake,2200000,2000000,99043,-2100957,1523739,1569579,1,13,102936,745,0.045,2200000,2953,0.724,0.134
12M_cohort,True,00.paid_display,sendy,2200000,2000000,695093,-1504907,10693741,13032701,13,53,175909,944,0.316,169231,2331,0.537,1.377
12M_cohort,True,02.partner,toss.partner,2102100,1911000,24872017,22769918,382646428,493469151,75,637,0,0,11.832,28028,,,
12M_cohort,True,01.paid_msg,innoforest,1760000,0,0,-1760000,0,33410,0,7,0,0,0.0,,,,
12M_cohort,True,01.paid_msg,capa,1650000,1500000,21035,-1628964,323630,6293700,1,8,0,0,0.013,1650000,,,
12M_cohort,True,12.ownedmedia,google_youtube,1451804,1199838,0,-1451804,0,0,0,0,143634,819,0.0,,1773,0.57,0.0
12M_cohort,True,01.paid_msg,theshoplms,1436160,1305600,228037,-1208123,3508266,27710301,1,7,10880,437,0.159,1436160,3286,4.017,0.229
12M_cohort,True,00.paid_display,cafe_naver,838491,762264,1545188,706698,23772132,32521108,6,38,0,0,1.843,139749,,,
12M_cohort,True,02.partner,signalplanner,795000,0,2822543,2027543,43423743,40855120,25,159,0,0,3.55,31800,,,
12M_cohort,True,11.etc_null,bznav_lms,642048,583680,4989311,4347263,76758638,80641404,10,14,19456,0,7.771,64205,,0.0,
12M_cohort,True,02.partner,kakaopay,568650,507681,3073676,2505027,47287332,182977592,14,222,287972,936,5.405,40618,608,0.325,1.496
12M_cohort,True,00.paid_display,tiktok_junseconomylab,287948,233725,10019,-277929,192675,192675,1,2,40756,456,0.035,287948,631,1.119,0.219
12M_cohort,True,02.partner,kbcardevent,262650,238772,2499619,2236969,38455681,225364466,10,103,0,0,9.517,26265,,,
12M_cohort,True,02.partner,naver_csm,54244,49313,763185,708940,11741308,10925194,3,3,0,0,14.069,18082,,,
12M_cohort,True,02.partner,nice,26758,24326,376475,349717,5791933,6773351,2,11,0,0,14.069,13379,,,
6M_recent,False,00.paid_display,meta,1442999007,1192890325,878586945,-564412061,13518849754,28144199342,5666,66007,122405425,847347,0.609,254677,1703,0.692,0.669
6M_recent,False,02.partner,toss.join,802970852,729973502,1338284754,535313902,23855059432,52907200599,8846,117636,0,0,1.667,90772,,,
6M_recent,False,00.paid_display,google_pmax,516448638,427488804,261868377,-254580260,4035669284,9680924884,1800,17247,91250286,1017950,0.507,286916,507,1.116,0.177
6M_recent,False,00.paid_display,kakaobank,407940323,370854830,561293489,153353167,8635284454,17376002977,3467,35103,198050300,552246929,1.376,117664,1,278.842,0.001
6M_recent,False,00.paid_display,google_demandgen,370819666,306567561,274719744,-96099921,4226457612,7126337639,1491,12500,93442272,545307,0.741,248705,680,0.584,0.273
6M_recent,False,01.paid_msg,kbcardlms,363000000,330000000,864528229,501528230,13298494820,31503279216,4143,34165,3300000,225983,2.382,87618,1606,6.848,1.833
6M_recent,False,01.paid_msg,shinhancardlms,291500000,265000000,703937588,412437589,10829980615,23275482202,4851,30256,2300000,152287,2.415,60091,1914,6.621,3.185
6M_recent,False,02.partner,banksalad,234088800,212813463,462701436,228383837,7118483646,17415764628,3600,26627,0,0,1.977,65025,,,
6M_recent,False,01.paid_msg,kakaopay,231000000,210000000,317369155,86369156,4882602398,9244846051,1343,11229,2743236,122935,1.374,172003,1879,4.481,1.092
6M_recent,False,00.paid_display,okpos,229008851,208189856,377720080,148711229,5812528750,14351888876,1579,13072,130677527,444677,1.649,145034,515,0.34,0.355
6M_recent,False,01.paid_msg,hanacardlms,203500000,185000000,342215635,138715636,5264262845,12276012898,1628,13784,1650000,106388,1.682,125000,1913,6.448,1.53
6M_recent,False,00.paid_display,kakaomoment,196352197,178501994,323880920,127528723,4982783392,11314349572,1444,15682,326354256,1444589,1.649,135978,136,0.443,0.1
6M_recent,False,00.paid_display,tiktok,191640573,158380640,79867501,-111773072,1228730785,2132496253,653,6155,84682574,437104,0.417,293477,438,0.516,0.149
6M_recent,False,00.paid_display,cashnote,115934424,105394950,89819884,-26114540,1381844371,2664990155,502,3873,7829960,93674,0.775,230945,1238,1.196,0.536
6M_recent,False,00.paid_display,kakaopay,113533750,103212500,132980915,19447166,2045860242,3284281363,601,5339,120675046,234149,1.171,188908,485,0.194,0.257
6M_recent,False,03.crm,alrimtalk.toss.join,101143473,91948611,168572455,67428982,3004856599,192398610,923,110,0,0,1.667,109581,,,
6M_recent,False,03.crm,alrimtalk,98951464,89955876,2407370875,2308419412,37028729441,47096927541,13705,94108,14992646,0,24.329,7220,,0.0,
6M_recent,False,01.paid_msg,kakaobrandmsg,97272010,88429100,236908922,139636912,3628683559,5668684430,1697,12924,4081539,189228,2.436,57320,514,4.636,0.897
6M_recent,False,01.paid_msg,ktlms,88000000,80000000,83984816,-4015184,1291912353,2284206048,551,4021,565500,45301,0.954,159710,1943,8.011,1.216
6M_recent,False,02.partner,zeropay,83903944,65271663,223464261,185017487,3437911716,8631377180,1353,13383,0,0,2.663,62013,,,
6M_recent,False,01.paid_msg,baeminmartlms,80300000,63000000,137090717,67790718,2102811238,4126762146,1088,6370,347696,5804,1.707,73805,13835,1.669,18.746
6M_recent,False,01.paid_msg,cashnote,72286412,65714920,107988068,35701657,1660831540,2962502007,432,1708,547625,18283,1.494,167330,3954,3.339,2.363
6M_recent,False,02.partner,kbank,65787096,59806451,84043221,18256125,1292972640,1811300444,403,3017,0,0,1.278,163243,,,
6M_recent,False,01.paid_msg,lgupluslms,58300000,53000000,32554822,-25745177,500843425,690337683,177,1372,550000,13612,0.558,329379,4283,2.475,1.3
6M_recent,False,01.paid_msg,okpos,52800000,48000000,32236749,-20563250,495949994,815368105,150,1007,323000,18155,0.611,352000,2908,5.621,0.826
6M_recent,False,01.paid_msg,wooricardlms,44000000,40000000,129171889,85171890,1987259842,4557617064,773,5578,300000,0,2.936,56921,,0.0,
6M_recent,False,01.paid_cpa,refund_pincrux,41853900,34590000,93408387,51554488,1437052123,4050266987,487,7594,0,301159,2.232,85942,139,,0.162
6M_recent,False,01.paid_search,sa_naver,40937412,37196923,83368612,42431201,1285693608,2585876843,380,2627,10639853,28341,2.036,107730,1444,0.266,1.341
6M_recent,False,02.partner,zaritalk,39443499,29887727,41976162,-1495837,645787120,1061519348,996,15410,0,0,1.064,39602,,,
6M_recent,False,01.paid_search,sa_google,39222087,32478070,41985161,2763074,645925557,1463484479,206,1324,762212,25483,1.07,190398,1539,3.343,0.808
6M_recent,False,03.crm,kakaobrandmsg,37156372,33778520,134438480,97282108,2068284309,2801829542,687,7297,1514943,45590,3.618,54085,815,3.009,1.507
6M_recent,False,07.paid_content,youtube,31701999,28820005,1742988,-29959012,26815202,146735772,7,55,0,0,0.055,4528857,,,
6M_recent,False,03.crm,alrimtalk_manual,31651013,28773648,656578988,624927976,10101215214,18337940011,2802,38017,4795608,0,20.744,11296,,0.0,
6M_recent,False,01.paid_search,bs_naver,25370663,23064192,495265859,469895196,7618119457,12861957009,2185,14767,197679,59970,19.521,11611,423,30.337,3.643
6M_recent,False,00.paid_display,marketboro,24200000,22000011,11462551,-12737449,176346945,353343430,42,253,0,5476,0.474,576190,4419,,0.767
6M_recent,False,12.ownedmedia,meta,19747673,16320396,0,-19747673,0,75211,0,1,2874290,72384,0.0,,273,2.518,0.0
6M_recent,False,02.partner,paybooc,16103912,14639919,1932421,1932422,29729563,69442238,12,138,0,0,0.12,1341993,,,
6M_recent,False,01.paid_msg,marketboro,12100000,10250000,9829679,-2270320,151225844,331579413,99,801,200000,6858,0.812,122222,1764,3.429,1.444
6M_recent,False,01.paid_msg,okcashbaglms,11000000,10000000,134107,-10865893,2063187,42586757,4,170,100000,8537,0.012,2750000,1289,8.537,0.047
6M_recent,False,02.partner,pass,11000000,10000000,2488147,2488147,38279189,126406670,15,223,0,0,0.226,733333,,,
6M_recent,False,01.paid_cpa,adison.offerwall,10437426,9488568,9729195,-708231,149679930,451123131,65,2001,21829556,235513,0.932,160576,44,1.079,0.028
6M_recent,False,01.paid_msg,smartbill,9900000,9000000,28108273,18208274,432434984,2422446345,85,383,1550258,68740,2.839,116471,144,4.434,0.124
6M_recent,False,00.paid_dooh,gvalleytv,9166666,8333333,41519,-9125148,638756,661963,1,7,0,0,0.005,9166667,,,
6M_recent,False,01.paid_msg,hpointlms,7700000,7000000,10855243,3155244,167003750,348200997,16,151,70000,6361,1.41,481250,1211,9.087,0.252
6M_recent,False,00.paid_display,docple,7699996,6999989,15889830,8189834,244458929,762723065,19,59,320724,2961,2.064,405263,2600,0.923,0.642
6M_recent,False,00.paid_display,hogangnono,5500000,5000000,0,-5500000,0,71063,0,6,4405319,5952,0.0,,924,0.135,0.0
6M_recent,False,02.partner,hyundaicard,5400000,4909090,32034095,28884096,492832246,967473866,176,2051,0,0,5.932,30682,,,
6M_recent,False,12.ownedmedia,google_youtube,5185594,4285613,0,-5185594,0,0,0,0,1242098,2765,0.0,,1875,0.223,0.0
6M_recent,False,02.partner,yogiyo,4706812,4278920,15867670,12446670,244118001,470802280,111,622,0,0,3.371,42404,,,
6M_recent,False,02.partner,naver_smartplace,4594683,3543803,15428584,10482387,237362844,627321553,83,792,0,0,3.358,55358,,,
6M_recent,False,00.paid_display,danggeun_market,3918552,3562320,231027,-3687525,3554263,5789523,5,33,601655,3851,0.059,783710,1018,0.64,0.13
6M_recent,False,00.paid_display,buzzvil,3916210,3560191,27097,-3889113,416879,1853959,2,26,809133,760398,0.007,1958105,5,93.977,0.0
6M_recent,False,01.paid_cpa,cookiesoven,3849120,3499200,4196245,347126,64557628,355965703,49,931,499308,20001,1.09,78553,192,4.006,0.245
6M_recent,False,01.paid_cpa,tnk,3367100,3061000,6087572,2720472,93654956,386587154,22,774,0,16593,1.808,153050,203,,0.133
6M_recent,False,01.paid_cpa,buzzvil,3348400,3044000,6219647,2871248,95686885,357414382,83,1797,1381,187667,1.857,40342,18,13589.211,0.044
6M_recent,False,00.paid_display,aptner,3300000,3000000,0,-3300000,0,0,0,4,392619,3005,0.0,,1098,0.765,0.0
6M_recent,False,00.paid_display,dabangpro,3300000,3000002,63723,-3236277,980359,1127699,1,41,289000,1943,0.019,3300000,1698,0.672,0.051
6M_recent,False,00.paid_display,navergfa,3215436,2923124,790899,-2424536,12167690,27361657,4,43,2189829,4929,0.246,803859,652,0.225,0.081
6M_recent,False,02.partner,barogo,2200000,1999999,4021074,4021075,61862692,128447821,41,205,0,0,1.828,53659,,,
6M_recent,False,00.paid_display,sendy,1980000,1800000,661649,-1318350,10179224,10633052,11,40,156639,764,0.334,180000,2592,0.488,1.44
6M_recent,False,00.paid_display,supertoday,1718200,1419987,0,-1718200,0,0,0,12,0,0,0.0,,,,
6M_recent,False,02.partner,signalplanner,815000,0,2822543,2007543,43423743,40855120,25,163,0,0,3.463,32600,,,
6M_recent,False,02.partner,kbcard,558449,517681,5230585,4649185,80470543,270566171,29,228,0,0,9.366,19257,,,
6M_recent,False,00.paid_display,tipping,326700,269997,0,-326700,0,0,0,0,0,0,0.0,,,,
6M_recent,False,00.paid_display,eventhouse,121000,99989,0,-121000,0,0,0,0,0,0,0.0,,,,
6M_recent,False,02.partner,kakaopay,119850,108954,949715,822215,14611005,16295562,11,50,287972,936,7.924,10895,128,0.325,1.175
6M_recent,False,02.partner,shinhancard.partner,2550,2318,0,-2550,0,41040,0,1,0,0,0.0,,,,
3M_recent,False,00.paid_display,meta,802726127,663410022,416902570,-385823556,6413885704,13880476687,2632,36449,77314845,520181,0.519,304987,1543,0.673,0.506
3M_recent,False,02.partner,toss.join,321959017,292690016,536598363,214639345,9565033211,22462574345,2974,46185,0,0,1.667,108258,,,
3M_recent,False,00.paid_display,google_demandgen,227467320,187989518,153728917,-73738402,2365060270,4222530538,829,8224,64971481,403665,0.676,274388,564,0.621,0.205
3M_recent,False,00.paid_display,google_pmax,200141486,165406185,103898635,-96242850,1598440553,4495000730,638,7518,40831014,296478,0.519,313701,675,0.726,0.215
3M_recent,False,00.paid_display,kakaomoment,196352197,178501994,323880920,127528723,4982783392,11314349572,1444,15682,326354256,1444589,1.649,135978,136,0.443,0.1
3M_recent,False,01.paid_msg,kbcardlms,192500000,175000000,369224419,176724419,5680375679,13823162407,1516,15153,1750000,167210,1.918,126979,1151,9.555,0.907
3M_recent,False,00.paid_display,kakaobank,190300000,172999997,220448251,30148252,3391511568,7174581311,1063,13255,100975735,597333,1.158,179022,319,0.592,0.178
3M_recent,False,01.paid_msg,kakaopay,154000000,140000000,195356043,41356043,3005477587,6004557116,766,7417,1874819,94522,1.269,201044,1629,5.042,0.81
3M_recent,False,00.paid_display,okpos,150293951,136630856,281319632,131025681,4327994342,11349622164,1106,9893,78726283,301559,1.872,135890,498,0.383,0.367
3M_recent,False,01.paid_msg,shinhancardlms,99000000,90000000,104095236,5095236,1601465175,4080056266,654,6599,900000,93849,1.051,151376,1055,10.428,0.697
3M_recent,False,01.paid_msg,hanacardlms,93500000,85000000,122745348,29245348,1888389974,4858822800,498,4921,850000,72091,1.313,187751,1297,8.481,0.691
3M_recent,False,00.paid_display,cashnote,55806465,50733160,46066338,-9740126,708712900,1349464418,247,2141,3523480,52207,0.825,225937,1069,1.482,0.473
3M_recent,False,02.partner,zeropay,53831363,37932953,74542271,66168078,1146804179,3018502817,412,4828,0,0,1.385,130659,,,
3M_recent,False,03.crm,alrimtalk.toss.join,53583991,48712719,89306653,35722661,1591918954,68425572,377,30,0,0,1.667,142133,,,
3M_recent,False,00.paid_display,kakaopay,42508070,38643700,37504021,-5004049,576984945,917892846,156,1547,36887062,72727,0.882,272488,584,0.197,0.215
3M_recent,False,03.crm,kakaobrandmsg,37156372,33778520,134438480,97282108,2068284309,2801829542,687,7297,1514943,45590,3.618,54085,815,3.009,1.507
3M_recent,False,02.partner,kbank,33496774,30451612,50415084,16918310,775616678,974401810,132,1220,0,0,1.505,253763,,,
3M_recent,False,01.paid_msg,baeminmartlms,33000000,20000000,49827258,27827259,766573208,1454077721,346,1995,217696,5804,1.51,95376,5686,2.666,5.961
3M_recent,False,00.paid_display,tiktok,32365274,26748161,7689101,-24676173,118293868,145168691,30,438,16535995,87709,0.238,1078842,369,0.53,0.034
3M_recent,False,03.crm,alrimtalk_manual,31651013,28773648,656578988,624927976,10101215214,18337940011,2802,38017,4795608,0,20.744,11296,,0.0,
3M_recent,False,01.paid_msg,cashnote,31416000,28560000,31662444,246445,487114532,890202084,126,544,238000,7103,1.008,249333,4423,2.984,1.774
3M_recent,False,01.paid_search,sa_naver,25151125,22845753,38847027,13695903,597646577,1222740476,189,1485,6343384,16826,1.545,133075,1495,0.265,1.123
3M_recent,False,01.paid_cpa,refund_pincrux,22846010,18881000,45852932,23006923,705429736,1986513629,199,3268,0,112976,2.007,114804,202,,0.176
3M_recent,False,01.paid_search,sa_google,21687618,17929141,19139618,-2547999,294455673,415547851,73,558,388557,14245,0.883,297091,1522,3.666,0.512
3M_recent,False,01.paid_msg,kakaobrandmsg,21566864,19606240,34472522,12905659,530346502,725492020,286,2272,907097,36753,1.598,75409,587,4.052,0.778
3M_recent,False,01.paid_msg,okpos,19800000,18000000,14850910,-4949090,228475539,311654168,77,517,120000,11624,0.75,257143,1703,9.687,0.662
3M_recent,False,03.crm,alrimtalk,19420717,17655198,398870616,379449899,6136471020,7449101970,1575,11827,2942533,0,20.538,12331,,0.0,
3M_recent,False,02.partner,zaritalk,18405999,16732727,21938912,-495587,337521734,593476620,404,8158,0,0,1.192,45559,,,
3M_recent,False,01.paid_search,bs_naver,17016997,15469997,222165073,205148077,3417924213,5921312332,805,6297,88220,27359,13.055,21139,622,31.012,2.942
3M_recent,False,02.partner,paybooc,16103912,14639919,1932421,1932422,29729563,69442238,12,138,0,0,0.12,1341993,,,
3M_recent,False,02.partner,pass,11000000,10000000,2488147,2488147,38279189,126406670,15,223,0,0,0.226,733333,,,
3M_recent,False,01.paid_msg,okcashbaglms,11000000,10000000,134107,-10865893,2063187,42586757,4,170,100000,8537,0.012,2750000,1289,8.537,0.047
3M_recent,False,12.ownedmedia,meta,10923324,9027542,0,-10923324,0,0,0,0,1885288,49549,0.0,,220,2.628,0.0
3M_recent,False,00.paid_dooh,gvalleytv,9166666,8333333,41519,-9125148,638756,661963,1,7,0,0,0.005,9166667,,,
3M_recent,False,01.paid_msg,hpointlms,7700000,7000000,10855243,3155244,167003750,348200997,16,151,70000,6361,1.41,481250,1211,9.087,0.252
3M_recent,False,00.paid_display,docple,7699996,6999989,15889830,8189834,244458929,762723065,19,59,320724,2961,2.064,405263,2600,0.923,0.642
3M_recent,False,00.paid_display,hogangnono,5500000,5000000,0,-5500000,0,71063,0,6,4405319,5952,0.0,,924,0.135,0.0
3M_recent,False,02.partner,hyundaicard,5400000,4909090,32034095,28884096,492832246,967473866,176,2051,0,0,5.932,30682,,,
3M_recent,False,01.paid_msg,smartbill,4950000,4500000,18703576,13753577,287747334,2140294257,54,229,775015,28296,3.779,91667,175,3.651,0.191
3M_recent,False,01.paid_cpa,adison.offerwall,3862726,3511568,403331,-3459394,6205107,58475440,4,302,1635461,141279,0.104,965682,27,8.638,0.003
3M_recent,False,12.ownedmedia,google_youtube,3828716,3164226,0,-3828716,0,0,0,0,1106251,1987,0.0,,1927,0.18,0.0
3M_recent,False,00.paid_display,aptner,3300000,3000000,0,-3300000,0,0,0,4,392619,3005,0.0,,1098,0.765,0.0
3M_recent,False,00.paid_display,dabangpro,3300000,3000002,63723,-3236277,980359,1127699,1,41,289000,1943,0.019,3300000,1698,0.672,0.051
3M_recent,False,00.paid_display,navergfa,3215436,2923124,790899,-2424536,12167690,27361657,4,43,2189829,4929,0.246,803859,652,0.225,0.081
3M_recent,False,02.partner,banksalad,2631199,2397463,3888126,1028126,59817327,177806378,31,325,0,0,1.478,84877,,,
3M_recent,False,02.partner,yogiyo,2396812,2178920,7441447,6330447,114483802,181360347,42,202,0,0,3.105,57067,,,
3M_recent,False,01.paid_cpa,buzzvil,2378200,2162000,3229843,851644,49689901,222656036,50,1132,0,120682,1.358,47564,20,,0.041
3M_recent,False,02.partner,barogo,2200000,1999999,4021074,4021075,61862692,128447821,41,205,0,0,1.828,53659,,,
3M_recent,False,01.paid_cpa,tnk,1689600,1536000,269618,-1419982,4147973,125258909,6,279,0,4060,0.16,281600,416,,0.148
3M_recent,False,02.partner,naver_smartplace,695691,632446,3620848,2576781,55705359,157542565,14,144,0,0,5.205,49692,,,
3M_recent,False,02.partner,kbcard,56099,50999,811686,732637,12487490,69854022,4,31,0,0,14.469,14025,,,
3M_recent,False,02.partner,kakaopay,35700,32454,231505,188155,3561616,3613623,2,17,0,0,6.485,17850,,,
1M_recent,False,00.paid_display,kakaomoment,163070490,148245899,265984144,102913654,4092063757,9957833138,1210,13415,271992873,1273810,1.631,134769,128,0.468,0.095
1M_recent,False,00.paid_display,meta,151346171,125079481,71310607,-80035564,1097086266,3961086193,444,5952,14815166,92121,0.471,340870,1643,0.622,0.482
1M_recent,False,02.partner,toss.join,87419222,79472020,145698704,58279482,2597124862,5328445345,711,11082,0,0,1.667,122952,,,
1M_recent,False,00.paid_display,google_demandgen,83795106,69252153,57969736,-25825370,891842098,2148876807,348,3751,24648225,188611,0.692,240791,444,0.765,0.185
1M_recent,False,01.paid_msg,shinhancardlms,77000000,70000000,69091242,-7908758,1062942188,3075937867,467,5045,700000,71350,0.897,164882,1079,10.193,0.655
1M_recent,False,00.paid_display,google_pmax,57500232,47520854,26746145,-30754087,411479154,1061953235,176,2386,10161208,99862,0.465,326706,576,0.983,0.176
1M_recent,False,01.paid_msg,kbcardlms,55000000,50000000,147232384,92232384,2265113603,6246876407,595,6422,500000,61778,2.677,92437,890,12.356,0.963
1M_recent,False,00.paid_display,kakaobank,54678112,49707373,49337842,-5340270,759043729,1705976250,264,3166,30449226,122512,0.902,207114,446,0.402,0.215
1M_recent,False,00.paid_display,okpos,40367981,36698156,56116125,15748144,863325006,2369169852,265,2386,33542623,98639,1.39,152332,409,0.294,0.269
1M_recent,False,01.paid_msg,hanacardlms,27500000,25000000,31545506,4045506,485315483,1554392101,103,1199,250000,19219,1.147,266990,1431,7.688,0.536
1M_recent,False,02.partner,zeropay,26995713,13536908,32330130,29544646,497386621,1521755109,156,2175,0,0,1.198,173049,,,
1M_recent,False,03.crm,alrimtalk_manual,19486770,17715246,370196189,350709419,5695325985,10772227183,1515,27456,2952541,0,18.997,12863,,0.0,
1M_recent,False,02.partner,paybooc,16103912,14639919,1932421,1932422,29729563,69442238,12,138,0,0,0.12,1341993,,,
1M_recent,False,00.paid_display,cashnote,13158598,11962364,12089220,-1069378,185988006,341056929,60,544,559162,14929,0.919,219310,881,2.67,0.402
1M_recent,False,02.partner,kbank,11141935,10129032,20207825,9065890,310889623,346921963,35,319,0,0,1.814,318341,,,
1M_recent,False,01.paid_msg,kakaopay,11000000,10000000,10976082,-23918,168862806,551407429,73,524,100000,4589,0.998,150685,2397,4.589,1.591
1M_recent,False,02.partner,pass,11000000,10000000,2488147,2488147,38279189,126406670,15,223,0,0,0.226,733333,,,
1M_recent,False,01.paid_msg,baeminmartlms,10999999,9999999,6627360,6627361,101959397,236129560,46,269,117696,5804,0.602,239130,1895,4.931,0.793
1M_recent,False,00.paid_dooh,gvalleytv,9166666,8333333,41519,-9125148,638756,661963,1,7,0,0,0.005,9166667,,,
1M_recent,False,01.paid_search,sa_google,8282484,6845028,5627696,-2654787,86579953,113206023,21,183,190674,5297,0.679,394404,1564,2.778,0.396
1M_recent,False,01.paid_search,sa_naver,7800770,7091610,14763360,6962591,227128624,577703022,76,561,1405402,5205,1.893,102642,1499,0.37,1.46
1M_recent,False,01.paid_cpa,refund_pincrux,7125690,5889000,11266033,4140343,173323588,693963908,55,886,0,35588,1.581,129558,200,,0.155
1M_recent,False,03.crm,alrimtalk.toss.join,6636979,6033617,11061632,4424653,197177051,7189910,113,5,0,0,1.667,58734,,,
1M_recent,False,01.paid_msg,cashnote,6600000,6000000,12086024,5486025,185938842,288596232,39,121,50000,1683,1.831,169231,3922,3.366,2.317
1M_recent,False,00.paid_display,docple,5814280,5285705,6879158,1064879,105833213,206747436,6,16,198986,1644,1.183,969047,3537,0.826,0.365
1M_recent,False,01.paid_search,bs_naver,5797000,5270000,79119781,73322782,1217227413,1837879564,239,1922,35956,9670,13.648,24255,599,26.894,2.472
1M_recent,False,12.ownedmedia,meta,4350422,3595391,0,-4350422,0,0,0,0,1031403,15678,0.0,,277,1.52,0.0
1M_recent,False,01.paid_cpa,adison.offerwall,3444726,3131568,344461,-3100265,5299403,20442948,3,201,175274,133947,0.1,1148242,26,76.421,0.002
1M_recent,False,00.paid_display,dabangpro,3300000,3000002,63723,-3236277,980359,1127699,1,41,289000,1943,0.019,3300000,1698,0.672,0.051
1M_recent,False,02.partner,zaritalk,2823366,2566696,3743146,69147,57586871,91394426,66,1336,0,0,1.326,42778,,,
1M_recent,False,02.partner,yogiyo,2396812,2178920,7441447,6330447,114483802,181360347,42,202,0,0,3.105,57067,,,
1M_recent,False,02.partner,hyundaicard,2279032,2071847,6142403,3863371,94498509,209517006,55,626,0,0,2.695,41437,,,
1M_recent,False,02.partner,barogo,2200000,1999999,4021074,4021075,61862692,128447821,41,205,0,0,1.828,53659,,,
1M_recent,False,01.paid_msg,smartbill,1650000,1500000,6434829,4784829,98997372,242474566,13,65,260000,0,3.9,126923,,0.0,
1M_recent,False,12.ownedmedia,google_youtube,1290670,1066669,0,-1290670,0,0,0,0,442689,651,0.0,,1983,0.147,0.0
1M_recent,False,01.paid_cpa,buzzvil,784300,713000,1216753,432454,18719290,95370617,16,329,0,24727,1.551,49019,32,,0.065
1M_recent,False,02.partner,banksalad,373925,339932,0,-431200,0,6994746,0,49,0,0,0.0,,,,
1M_recent,False,02.partner,naver_smartplace,252256,229324,998113,663170,15355586,51251524,3,44,0,0,3.957,84085,,,
1M_recent,False,02.partner,kbcard,12750,11590,741264,720865,11404070,30505721,2,8,0,0,58.138,6375,,,
1M_recent,False,02.partner,kakaopay,9350,8500,231505,221305,3561616,3613623,2,4,0,0,24.76,4675,,,
4W_recent,False,00.paid_display,kakaomoment,157356105,143051004,259659093,102302988,3994755278,9704132620,1171,13004,261837554,1244677,1.65,134378,126,0.475,0.094
4W_recent,False,00.paid_display,meta,146478132,121056308,70143904,-76334228,1079136989,3883104090,432,5806,14344501,89215,0.479,339070,1642,0.622,0.484
4W_recent,False,02.partner,toss.join,81433185,74030168,135721975,54288790,2419286549,4963810009,649,10310,0,0,1.667,125475,,,
4W_recent,False,01.paid_msg,shinhancardlms,77000000,70000000,69091242,-7908758,1062942188,3075937867,467,5045,700000,71350,0.897,164882,1079,10.193,0.655
4W_recent,False,00.paid_display,google_demandgen,75005820,61988280,53444889,-21560931,822229066,2042021772,304,3262,20854370,167156,0.713,246730,449,0.802,0.182
4W_recent,False,01.paid_msg,kbcardlms,55000000,50000000,147232384,92232384,2265113603,6246876407,595,6422,500000,61778,2.677,92437,890,12.356,0.963
4W_recent,False,00.paid_display,google_pmax,52777649,43617893,26455862,-26321786,407013270,1053334622,168,2267,9201924,92909,0.501,314153,568,1.01,0.181
4W_recent,False,00.paid_display,kakaobank,52476844,47706221,48885378,-3591465,752082750,1684530730,256,3074,29609308,120461,0.932,204988,436,0.407,0.213
4W_recent,False,00.paid_display,okpos,38669581,35154156,55034799,16365219,846689227,2327986684,262,2347,32305290,95551,1.423,147594,405,0.296,0.274
4W_recent,False,01.paid_msg,hanacardlms,27500000,25000000,31545506,4045506,485315483,1554392101,103,1199,250000,19219,1.147,266990,1431,7.688,0.536
4W_recent,False,02.partner,zeropay,26818294,13375617,32138207,29530143,494433967,1518277735,155,2165,0,0,1.198,173021,,,
4W_recent,False,03.crm,alrimtalk_manual,19486770,17715246,370196189,350709419,5695325985,10772227183,1515,27456,2952541,0,18.997,12863,,0.0,
4W_recent,False,02.partner,paybooc,16103912,14639919,1932421,1932422,29729563,69442238,12,138,0,0,0.12,1341993,,,
4W_recent,False,00.paid_display,cashnote,12448920,11317202,11492648,-956272,176809972,333987435,55,526,536880,14415,0.923,226344,864,2.685,0.382
4W_recent,False,01.paid_msg,kakaopay,11000000,10000000,10976082,-23918,168862806,551407429,73,524,100000,4589,0.998,150685,2397,4.589,1.591
4W_recent,False,02.partner,pass,11000000,10000000,2488147,2488147,38279189,126406670,15,223,0,0,0.226,733333,,,
4W_recent,False,01.paid_msg,baeminmartlms,10999999,9999999,6627360,6627361,101959397,236129560,46,269,117696,5804,0.602,239130,1895,4.931,0.793
4W_recent,False,02.partner,kbank,10432258,9483870,20207825,9775567,310889623,346921963,35,317,0,0,1.937,298065,,,
4W_recent,False,00.paid_dooh,gvalleytv,9166666,8333333,41519,-9125148,638756,661963,1,7,0,0,0.005,9166667,,,
4W_recent,False,01.paid_search,sa_google,7989185,6602632,5247127,-2742058,80725036,106360620,19,177,174346,5014,0.657,420483,1593,2.876,0.379
4W_recent,False,01.paid_search,sa_naver,7358174,6689250,13459931,6101757,207075864,565222867,72,540,1326486,4900,1.829,102197,1502,0.369,1.469
4W_recent,False,01.paid_cpa,refund_pincrux,6763900,5590000,11242735,4478836,172965166,663393209,54,842,0,34771,1.662,125257,195,,0.155
4W_recent,False,01.paid_msg,cashnote,6600000,6000000,12086024,5486025,185938842,288596232,39,121,50000,1683,1.831,169231,3922,3.366,2.317
4W_recent,False,03.crm,alrimtalk.toss.join,6520110,5927373,10866850,4346740,193705005,7189910,111,5,0,0,1.667,58740,,,
4W_recent,False,01.paid_search,bs_naver,5423000,4930000,77728901,72305901,1195829249,1699306846,231,1845,35038,9357,14.333,23476,580,26.705,2.469
4W_recent,False,00.paid_display,docple,4871422,4428563,2533467,-2337955,38976418,121861421,4,12,143144,1148,0.52,1217856,4243,0.802,0.348
4W_recent,False,12.ownedmedia,meta,4164187,3441478,0,-4164187,0,0,0,0,994914,15232,0.0,,273,1.531,0.0
4W_recent,False,01.paid_cpa,adison.offerwall,3444726,3131568,344461,-3100265,5299403,20442948,3,201,175274,133947,0.1,1148242,26,76.421,0.002
4W_recent,False,00.paid_display,dabangpro,3300000,3000002,63723,-3236277,980359,1127699,1,41,289000,1943,0.019,3300000,1698,0.672,0.051
4W_recent,False,02.partner,zaritalk,2426156,2205596,3358298,201299,51666134,77888931,59,1148,0,0,1.384,41121,,,
4W_recent,False,02.partner,yogiyo,2396812,2178920,7441447,6330447,114483802,181360347,42,202,0,0,3.105,57067,,,
4W_recent,False,02.partner,barogo,2200000,1999999,4021074,4021075,61862692,128447821,41,205,0,0,1.828,53659,,,
4W_recent,False,02.partner,hyundaicard,2133870,1939882,6142403,4008532,94498509,209372053,55,620,0,0,2.879,38798,,,
4W_recent,False,01.paid_msg,smartbill,1650000,1500000,6434829,4784829,98997372,242474566,13,65,260000,0,3.9,126923,,0.0,
4W_recent,False,12.ownedmedia,google_youtube,1165497,963220,0,-1165497,0,0,0,0,406645,603,0.0,,1933,0.148,0.0
4W_recent,False,01.paid_cpa,buzzvil,761200,692000,1042861,281661,16044020,92299976,15,308,0,23270,1.37,50747,33,,0.064
4W_recent,False,02.partner,banksalad,352894,320813,0,-404800,0,6994746,0,46,0,0,0.0,,,,
4W_recent,False,02.partner,naver_smartplace,248166,225605,998113,669170,15355586,51251524,3,43,0,0,4.022,82722,,,
4W_recent,False,02.partner,kbcard,12750,11590,741264,720865,11404070,30505721,2,8,0,0,58.138,6375,,,
4W_recent,False,02.partner,kakaopay,9350,8500,231505,221305,3561616,3613623,2,4,0,0,24.76,4675,,,
3W_recent,False,00.paid_display,kakaomoment,135841050,123491863,227803449,91962400,3504668457,8764186342,1012,11500,228254767,1149012,1.677,134230,118,0.503,0.088
3W_recent,False,00.paid_display,meta,109176399,90228430,59927427,-49248972,921960416,3647635912,358,4842,8784995,64961,0.549,304962,1681,0.739,0.551
3W_recent,False,02.partner,toss.join,62253977,56594524,103756629,41502652,1849494279,3709969753,479,7572,0,0,1.667,129967,,,
3W_recent,False,00.paid_display,google_demandgen,55714500,46045041,42470331,-13244168,653389717,1726720933,230,2438,13478771,123185,0.762,242237,452,0.914,0.187
3W_recent,False,01.paid_msg,shinhancardlms,55000000,50000000,62806852,7806853,966259274,2620436175,406,4013,500000,48851,1.142,135468,1126,9.77,0.831
3W_recent,False,01.paid_msg,kbcardlms,55000000,50000000,147232384,92232384,2265113603,6246876407,595,6422,500000,61778,2.677,92437,890,12.356,0.963
3W_recent,False,00.paid_display,google_pmax,41847235,34584493,24855501,-16991733,382392338,920464913,149,1962,7766673,79516,0.594,280854,526,1.024,0.187
3W_recent,False,01.paid_msg,hanacardlms,27500000,25000000,31545506,4045506,485315483,1554392101,103,1199,250000,19219,1.147,266990,1431,7.688,0.536
3W_recent,False,00.paid_display,okpos,27489575,24990516,45201867,17712292,695413346,1926053875,209,1907,24566088,71194,1.644,131529,386,0.29,0.294
3W_recent,False,02.partner,zeropay,26197326,12811101,31743001,29755905,488353869,1512148707,152,2143,0,0,1.212,172351,,,
3W_recent,False,00.paid_display,kakaobank,25974196,23612905,21613717,-4360478,332518735,775383615,125,1562,15966638,66604,0.832,207794,390,0.417,0.188
3W_recent,False,03.crm,alrimtalk_manual,17500777,15909798,336750975,319250199,5180784239,8465048736,1360,19911,2651633,0,19.242,12868,,0.0,
3W_recent,False,02.partner,paybooc,16103912,14639919,1932421,1932422,29729563,69442238,12,138,0,0,0.12,1341993,,,
3W_recent,False,02.partner,pass,11000000,10000000,2488147,2488147,38279189,126406670,15,223,0,0,0.226,733333,,,
3W_recent,False,01.paid_msg,kakaopay,11000000,10000000,10976082,-23918,168862806,551407429,73,524,100000,4589,0.998,150685,2397,4.589,1.591
3W_recent,False,01.paid_msg,baeminmartlms,10999999,9999999,6627360,6627361,101959397,236129560,46,269,117696,5804,0.602,239130,1895,4.931,0.793
3W_recent,False,00.paid_display,cashnote,9965047,9059135,10141342,176296,156020658,249583053,46,405,441687,11673,1.018,216631,854,2.643,0.394
3W_recent,False,00.paid_dooh,gvalleytv,8066666,7333333,41519,-8025148,638756,659267,1,5,0,0,0.005,8066667,,,
3W_recent,False,02.partner,kbank,7948387,7225806,2294782,-5653604,35304352,56371025,11,88,0,0,0.289,722581,,,
3W_recent,False,01.paid_msg,cashnote,6600000,6000000,12086024,5486025,185938842,288596232,39,121,50000,1683,1.831,169231,3922,3.366,2.317
3W_recent,False,01.paid_search,sa_google,6546479,5410313,4989981,-1556498,76768946,96818674,18,143,144502,3870,0.762,363693,1692,2.678,0.465
3W_recent,False,01.paid_search,sa_naver,5802246,5274770,10056292,4254047,154712197,418838904,58,459,993823,3881,1.733,100039,1495,0.391,1.494
3W_recent,False,03.crm,alrimtalk.toss.join,5352348,4865771,8920580,3568232,159012132,4822527,93,4,0,0,1.667,57552,,,
3W_recent,False,01.paid_cpa,refund_pincrux,4766190,3939000,8621389,3855199,132636758,510524252,37,595,0,23917,1.809,128816,199,,0.155
3W_recent,False,01.paid_search,bs_naver,4114000,3740000,60345422,56231422,928391110,1381831723,182,1445,25128,6755,14.668,22604,609,26.882,2.694
3W_recent,False,00.paid_display,docple,3457135,3142850,2533467,-923668,38976418,121861421,4,12,5042,117,0.733,864284,29548,2.321,3.419
3W_recent,False,01.paid_cpa,adison.offerwall,3444726,3131568,344461,-3100265,5299403,20442948,3,201,175274,133947,0.1,1148242,26,76.421,0.002
3W_recent,False,00.paid_display,dabangpro,3300000,3000002,63723,-3236277,980359,1127699,1,41,289000,1943,0.019,3300000,1698,0.672,0.051
3W_recent,False,12.ownedmedia,meta,3064235,2532427,0,-3064235,0,0,0,0,753817,12031,0.0,,255,1.596,0.0
3W_recent,False,02.partner,yogiyo,2396812,2178920,7441447,6330447,114483802,181360347,42,202,0,0,3.105,57067,,,
3W_recent,False,02.partner,barogo,2200000,1999999,4021074,4021075,61862692,128447821,41,205,0,0,1.828,53659,,,
3W_recent,False,01.paid_msg,smartbill,1650000,1500000,6434829,4784829,98997372,242474566,13,65,260000,0,3.9,126923,,0.0,
3W_recent,False,02.partner,hyundaicard,1625806,1478005,6142403,4516597,94498509,204823461,55,613,0,0,3.778,29560,,,
3W_recent,False,12.ownedmedia,google_youtube,919070,759562,0,-919070,0,0,0,0,318284,465,0.0,,1976,0.146,0.0
3W_recent,False,01.paid_cpa,buzzvil,701800,638000,585689,-116111,9010601,83853050,12,253,0,18479,0.835,58483,38,,0.065
3W_recent,False,02.partner,zaritalk,364042,330947,357195,-115804,5495316,8127131,8,172,0,0,0.981,45505,,,
3W_recent,False,02.partner,banksalad,268772,244338,0,-299200,0,4644239,0,34,0,0,0.0,,,,
3W_recent,False,02.partner,naver_smartplace,207266,188424,998113,729170,15355586,48902938,3,33,0,0,4.816,69089,,,
3W_recent,False,02.partner,kbcard,11475,10431,741264,723415,11404070,30385006,2,7,0,0,64.598,5738,,,
3W_recent,False,02.partner,kakaopay,9350,8500,231505,221305,3561616,3613623,2,4,0,0,24.76,4675,,,
2W_recent,False,00.paid_display,kakaomoment,101527176,92297432,166745870,65218695,2565321088,7179224787,756,9169,178471432,931540,1.642,134295,109,0.522,0.081
2W_recent,False,00.paid_display,meta,75188889,62139578,44836613,-30352275,689794058,2929103896,227,3323,6171629,45916,0.596,331229,1638,0.744,0.494
2W_recent,False,01.paid_msg,shinhancardlms,55000000,50000000,62806852,7806853,966259274,2620436175,406,4013,500000,48851,1.142,135468,1126,9.77,0.831
2W_recent,False,01.paid_msg,kbcardlms,55000000,50000000,147232384,92232384,2265113603,6246876407,595,6422,500000,61778,2.677,92437,890,12.356,0.963
2W_recent,False,00.paid_display,google_demandgen,32852254,27150623,30252120,-2600134,465417234,1274953818,139,1606,7548802,71663,0.921,236347,458,0.949,0.194
2W_recent,False,00.paid_display,google_pmax,27245368,22516835,15550730,-11694637,239242015,745559160,98,1442,5638876,57255,0.571,278014,476,1.015,0.171
2W_recent,False,02.partner,toss.join,25433726,23121569,42389544,16955818,755606852,2075951127,283,5024,0,0,1.667,89872,,,
2W_recent,False,00.paid_display,kakaobank,24732263,22483875,20810055,-3922207,320154704,751653140,119,1500,15383553,64121,0.841,207834,386,0.417,0.186
2W_recent,False,02.partner,paybooc,16103912,14639919,1932421,1932422,29729563,69442238,12,138,0,0,0.12,1341993,,,
2W_recent,False,00.paid_display,okpos,15299927,13909021,14654865,-645061,225459472,693155968,56,608,15109801,37140,0.958,273213,412,0.246,0.151
2W_recent,False,02.partner,zeropay,13471244,1241935,20835165,19469036,320541004,732796267,92,1497,0,0,1.547,146427,,,
2W_recent,False,03.crm,alrimtalk_manual,12038511,10944102,202909180,190870669,3121679694,5865222418,871,15280,1824017,0,16.855,13821,,0.0,
2W_recent,False,02.partner,pass,11000000,10000000,2488147,2488147,38279189,126406670,15,223,0,0,0.226,733333,,,
2W_recent,False,01.paid_msg,hanacardlms,11000000,10000000,10053043,-946956,154662210,980778004,46,533,100000,7978,0.914,239130,1379,7.978,0.577
2W_recent,False,00.paid_display,cashnote,7481174,6801068,8915454,1434281,137160844,204405228,33,300,329157,8749,1.192,226702,855,2.658,0.377
2W_recent,False,00.paid_dooh,gvalleytv,5500000,5000000,0,-5500000,0,1678,0,1,0,0,0.0,,,,
2W_recent,False,02.partner,kbank,5464516,4967741,609790,-4854726,9381392,14128727,5,63,0,0,0.112,1092903,,,
2W_recent,False,01.paid_search,sa_google,5309860,4388313,3966975,-1342884,61030397,79188417,12,110,69925,2911,0.747,442488,1824,4.163,0.412
2W_recent,False,01.paid_search,sa_naver,4209083,3826440,6273909,2064827,96521690,337232057,41,336,672997,2804,1.491,102661,1501,0.417,1.462
2W_recent,False,03.crm,alrimtalk.toss.join,4205827,3823479,7009712,2803885,124950306,4470621,64,3,0,0,1.667,65716,,,
2W_recent,False,01.paid_cpa,refund_pincrux,3444870,2847000,7798961,4354092,119984028,294917836,28,420,0,16556,2.264,123031,208,,0.169
2W_recent,False,01.paid_cpa,adison.offerwall,3444726,3131568,344461,-3100265,5299403,20442948,3,201,175274,133947,0.1,1148242,26,76.421,0.002
2W_recent,False,00.paid_display,docple,3299996,2999997,2533467,-766529,38976418,121861421,4,12,0,0,0.768,824999,,,
2W_recent,False,01.paid_search,bs_naver,2805000,2550000,37064458,34259459,570222445,884053728,136,1080,19143,4999,13.214,20625,561,26.114,2.721
2W_recent,False,02.partner,yogiyo,2396812,2178920,7441447,6330447,114483802,181360347,42,202,0,0,3.105,57067,,,
2W_recent,False,02.partner,barogo,2200000,1999999,4021074,4021075,61862692,128447821,41,205,0,0,1.828,53659,,,
2W_recent,False,12.ownedmedia,meta,2005123,1657127,0,-2005123,0,0,0,0,525219,8042,0.0,,249,1.531,0.0
2W_recent,False,02.partner,hyundaicard,1117741,1016129,4300563,3182822,66162516,76072569,34,347,0,0,3.848,32875,,,
2W_recent,False,00.paid_display,dabangpro,1100004,1000004,0,-1100004,0,145358,0,7,83391,296,0.0,,3716,0.355,0.0
2W_recent,False,12.ownedmedia,google_youtube,633558,523602,0,-633558,0,0,0,0,217970,314,0.0,,2018,0.144,0.0
2W_recent,False,01.paid_cpa,buzzvil,458700,417000,457511,-1188,7038645,35232884,9,163,0,12710,0.997,50967,36,,0.071
2W_recent,False,02.partner,banksalad,177640,161491,0,-184800,0,4515577,0,21,0,0,0.0,,,,
2W_recent,False,02.partner,naver_smartplace,145916,132651,794851,630356,12228491,12617413,2,18,0,0,5.447,72958,,,
2W_recent,False,02.partner,kakaopay,7650,6954,205021,197371,3154176,3206183,1,3,0,0,26.8,7650,,,
2W_recent,False,02.partner,kbcard,6375,5795,0,-7650,0,18862415,0,3,0,0,0.0,,,,
2W_recent,False,02.partner,zaritalk,2750,2500,0,-2750,0,116017,0,1,0,0,0.0,,,,
1W_recent,False,00.paid_display,kakaomoment,51706065,47005513,82411099,30705035,1267863076,3863038601,371,4936,91696366,473191,1.594,139369,109,0.516,0.078
1W_recent,False,00.paid_display,meta,36042506,29787195,19652146,-16390359,302340719,910943058,96,1771,3515014,27121,0.545,375443,1329,0.772,0.354
1W_recent,False,01.paid_msg,kbcardlms,27500000,25000000,23801243,-3698756,366172979,1964867415,138,2776,250000,30093,0.865,199275,914,12.037,0.459
1W_recent,False,01.paid_msg,shinhancardlms,22000000,20000000,14585352,-7414648,224390034,945932437,109,1549,200000,21382,0.663,201835,1029,10.691,0.51
1W_recent,False,00.paid_display,google_demandgen,18489030,15280190,14279904,-4209125,219690839,830944981,74,875,4366591,40634,0.772,249852,455,0.931,0.182
1W_recent,False,02.partner,toss.join,13960064,12690967,23266773,9306710,414737504,1038107180,133,2437,0,0,1.667,104963,,,
1W_recent,False,00.paid_display,google_pmax,11402916,9423898,3999251,-7403664,61526950,329841481,38,605,2492042,24438,0.351,300077,467,0.981,0.155
1W_recent,False,03.crm,alrimtalk_manual,6665755,6059778,82406307,75740553,1267789349,3524985844,398,10850,1009963,0,12.363,16748,,0.0,
1W_recent,False,00.paid_display,okpos,4870799,4427998,1038758,-3832040,15980905,96702506,9,120,2309583,10945,0.213,541200,445,0.474,0.082
1W_recent,False,00.paid_display,cashnote,4216666,3833333,5898204,1681539,90741611,128680143,15,162,164956,4667,1.399,281111,904,2.829,0.321
1W_recent,False,01.paid_search,sa_google,3862020,3191752,3029324,-832695,46604998,58912249,7,77,53894,1927,0.784,551717,2004,3.576,0.363
1W_recent,False,00.paid_display,docple,3299996,2999997,2533467,-766529,38976418,121861421,4,12,0,0,0.768,824999,,,
1W_recent,False,03.crm,alrimtalk.toss.join,3057800,2779818,5096334,2038534,90843755,4470621,46,3,0,0,1.667,66474,,,
1W_recent,False,00.paid_dooh,gvalleytv,2933333,2666666,0,-2933333,0,0,0,0,0,0,0.0,,,,
1W_recent,False,02.partner,kbank,2933333,2666666,87428,-2845905,1345058,2521502,1,15,0,0,0.03,2933333,,,
1W_recent,False,01.paid_search,sa_naver,2215271,2013884,4335857,2120587,66705503,213035137,23,191,351539,1487,1.957,96316,1490,0.423,1.547
1W_recent,False,01.paid_cpa,refund_pincrux,2107820,1742000,5818727,3710907,89518880,145838350,15,246,0,10555,2.761,140521,200,,0.142
1W_recent,False,01.paid_search,bs_naver,1496000,1360000,19032782,17536782,292812035,475382770,59,588,11783,2726,12.722,25356,549,23.135,2.164
1W_recent,False,01.paid_cpa,adison.offerwall,1188942,1080856,294228,-894713,4526598,16014472,2,97,57741,39139,0.247,594471,30,67.784,0.005
1W_recent,False,12.ownedmedia,meta,1074293,887845,0,-1074293,0,0,0,0,288662,3615,0.0,,297,1.252,0.0
1W_recent,False,02.partner,zeropay,733333,666666,392116,-341217,6032564,10102760,3,31,0,0,0.535,244444,,,
1W_recent,False,02.partner,hyundaicard,600000,545454,597431,-2569,9191249,11301184,4,58,0,0,0.996,150000,,,
1W_recent,False,12.ownedmedia,google_youtube,356845,294914,0,-356845,0,0,0,0,116517,175,0.0,,2039,0.15,0.0
1W_recent,False,01.paid_cpa,buzzvil,207900,189000,183675,-24224,2825782,12024812,4,83,0,7483,0.883,51975,28,,0.053
1W_recent,False,02.partner,banksalad,123200,112000,0,-123200,0,2896810,0,14,0,0,0.0,,,,
1W_recent,False,02.partner,naver_smartplace,48000,43636,0,-48000,0,37978,0,8,0,0,0.0,,,,
1W_recent,False,02.partner,yogiyo,5500,5000,0,-5500,0,1943279,0,1,0,0,0.0,,,,
1W_recent,False,02.partner,zaritalk,2750,2500,0,-2750,0,116017,0,1,0,0,0.0,,,,
1W_recent,False,02.partner,kbcard,2550,2318,0,-2550,0,15947,0,1,0,0,0.0,,,,
